{
    "Referee": {
        "definition": "Match Referee",
        "null_proportion": 0.8021950500883913,
        "unique_values": 159,
        "numeric_stats": null
    },
    "Time": {
        "definition": "Time of match kick off",
        "null_proportion": 0.7378314672952269,
        "unique_values": 49,
        "numeric_stats": null
    },
    "HF": {
        "definition": "Home Team Fouls Committed",
        "null_proportion": 0.2948291101944608,
        "unique_values": null,
        "numeric_stats": {
            "count": 47867.0,
            "mean": 13.098752794200598,
            "std": 4.419047183772284,
            "min": 0.0,
            "25%": 10.0,
            "50%": 13.0,
            "75%": 16.0,
            "max": 48.0
        }
    },
    "AF": {
        "definition": "Away Team Fouls Committed",
        "null_proportion": 0.2948291101944608,
        "unique_values": null,
        "numeric_stats": {
            "count": 47867.0,
            "mean": 13.443833956588046,
            "std": 4.500360361045892,
            "min": 0.0,
            "25%": 10.0,
            "50%": 13.0,
            "75%": 16.0,
            "max": 41.0
        }
    },
    "HY": {
        "definition": "Home Team Yellow Cards",
        "null_proportion": 0.28920153211549793,
        "unique_values": null,
        "numeric_stats": {
            "count": 48249.0,
            "mean": 1.8591266140230887,
            "std": 1.3476451608622049,
            "min": 0.0,
            "25%": 1.0,
            "50%": 2.0,
            "75%": 3.0,
            "max": 11.0
        }
    },
    "HS": {
        "definition": "Home Team Shots",
        "null_proportion": 0.2891868002357101,
        "unique_values": null,
        "numeric_stats": {
            "count": 48250.0,
            "mean": 13.475979274611399,
            "std": 5.077914069702883,
            "min": 0.0,
            "25%": 10.0,
            "50%": 13.0,
            "75%": 17.0,
            "max": 46.0
        }
    },
    "AS": {
        "definition": "Away Team Shots",
        "null_proportion": 0.2891868002357101,
        "unique_values": null,
        "numeric_stats": {
            "count": 48250.0,
            "mean": 11.034507772020726,
            "std": 4.554340380570048,
            "min": 0.0,
            "25%": 8.0,
            "50%": 11.0,
            "75%": 14.0,
            "max": 45.0
        }
    },
    "HST": {
        "definition": "Home Team Shots on Target",
        "null_proportion": 0.2891868002357101,
        "unique_values": null,
        "numeric_stats": {
            "count": 48250.0,
            "mean": 4.974777202072539,
            "std": 2.694556264192517,
            "min": 0.0,
            "25%": 3.0,
            "50%": 5.0,
            "75%": 6.0,
            "max": 24.0
        }
    },
    "AST": {
        "definition": "Away Team Shots on Target",
        "null_proportion": 0.2891868002357101,
        "unique_values": null,
        "numeric_stats": {
            "count": 48250.0,
            "mean": 4.037720207253886,
            "std": 2.3913274552720183,
            "min": 0.0,
            "25%": 2.0,
            "50%": 4.0,
            "75%": 5.0,
            "max": 23.0
        }
    },
    "HC": {
        "definition": "Home Team Corners",
        "null_proportion": 0.2891868002357101,
        "unique_values": null,
        "numeric_stats": {
            "count": 48250.0,
            "mean": 5.578735751295337,
            "std": 2.9356342080903954,
            "min": 0.0,
            "25%": 3.0,
            "50%": 5.0,
            "75%": 7.0,
            "max": 26.0
        }
    },
    "AC": {
        "definition": "Away Team Corners",
        "null_proportion": 0.2891868002357101,
        "unique_values": null,
        "numeric_stats": {
            "count": 48250.0,
            "mean": 4.517823834196891,
            "std": 2.602939537163913,
            "min": 0.0,
            "25%": 3.0,
            "50%": 4.0,
            "75%": 6.0,
            "max": 20.0
        }
    },
    "AY": {
        "definition": "Away Team Yellow Cards",
        "null_proportion": 0.2891868002357101,
        "unique_values": null,
        "numeric_stats": {
            "count": 48250.0,
            "mean": 2.1307979274611397,
            "std": 1.399018838521815,
            "min": 0.0,
            "25%": 1.0,
            "50%": 2.0,
            "75%": 3.0,
            "max": 9.0
        }
    },
    "HR": {
        "definition": "Home Team Red Cards",
        "null_proportion": 0.2891868002357101,
        "unique_values": null,
        "numeric_stats": {
            "count": 48250.0,
            "mean": 0.09369948186528497,
            "std": 0.3102224132915784,
            "min": 0.0,
            "25%": 0.0,
            "50%": 0.0,
            "75%": 0.0,
            "max": 3.0
        }
    },
    "AR": {
        "definition": "Away Team Red Cards",
        "null_proportion": 0.2891868002357101,
        "unique_values": null,
        "numeric_stats": {
            "count": 48250.0,
            "mean": 0.12292227979274611,
            "std": 0.3565544698089032,
            "min": 0.0,
            "25%": 0.0,
            "50%": 0.0,
            "75%": 0.0,
            "max": 9.0
        }
    },
    "WHH": {
        "definition": "William Hill home win odds",
        "null_proportion": 0.0123305833824396,
        "unique_values": null,
        "numeric_stats": {
            "count": 67043.0,
            "mean": 2.516144563936578,
            "std": 1.5172379479913327,
            "min": 1.02,
            "25%": 1.8,
            "50%": 2.15,
            "75%": 2.7,
            "max": 34.0
        }
    },
    "WHD": {
        "definition": "William Hill draw odds",
        "null_proportion": 0.0123305833824396,
        "unique_values": null,
        "numeric_stats": {
            "count": 67043.0,
            "mean": 3.559464671926973,
            "std": 0.9257628749069611,
            "min": 1.02,
            "25%": 3.1,
            "50%": 3.3,
            "75%": 3.6,
            "max": 19.0
        }
    },
    "WHA": {
        "definition": "William Hill away win odds",
        "null_proportion": 0.0123305833824396,
        "unique_values": null,
        "numeric_stats": {
            "count": 67043.0,
            "mean": 4.160619453186761,
            "std": 3.1491543378147444,
            "min": 1.05,
            "25%": 2.62,
            "50%": 3.3,
            "75%": 4.5,
            "max": 71.0
        }
    },
    "IWA": {
        "definition": "Interwetten away win odds",
        "null_proportion": 0.006865055981143194,
        "unique_values": null,
        "numeric_stats": {
            "count": 67414.0,
            "mean": 3.920034265879491,
            "std": 2.5937911629484347,
            "min": 1.07,
            "25%": 2.6,
            "50%": 3.25,
            "75%": 4.3,
            "max": 42.0
        }
    },
    "IWH": {
        "definition": "Interwetten home win odds",
        "null_proportion": 0.00680612846199175,
        "unique_values": null,
        "numeric_stats": {
            "count": 67418.0,
            "mean": 2.4555286422023794,
            "std": 1.3374410854326653,
            "min": 1.02,
            "25%": 1.8,
            "50%": 2.2,
            "75%": 2.6,
            "max": 30.0
        }
    },
    "IWD": {
        "definition": "Interwetten draw odds",
        "null_proportion": 0.00680612846199175,
        "unique_values": null,
        "numeric_stats": {
            "count": 67418.0,
            "mean": 3.533388709246789,
            "std": 0.8684112396377498,
            "min": 1.5,
            "25%": 3.1,
            "50%": 3.3,
            "75%": 3.6,
            "max": 16.0
        }
    },
    "B365H": {
        "definition": "Bet365 home win odds",
        "null_proportion": 0.001723629935179729,
        "unique_values": null,
        "numeric_stats": {
            "count": 67763.0,
            "mean": 2.5431167451263965,